price,lprice,square,rooms,floor,mfloor,station,metro,ametro,dmetro,link
10950000,16.208850014226783,38.0,2,3,9,метро Севастопольская,12 минут пешком,1,12,https://www.cian.ru/sale/flat/313386586/
26000000,17.073607095985757,74.9,3,11,17,метро Зюзино,8 минут пешком,1,8,https://www.cian.ru/sale/flat/316813522/
29500000,17.19990082131005,79.3,3,8,30,метро Яхромская,20 минут пешком,1,20,https://www.cian.ru/sale/flat/308273775/
11600000,16.266515656076592,49.2,3,8,9,метро Алтуфьево,5 минут на транспорте,0,5,https://www.cian.ru/sale/flat/315558943/
16750000,16.63390881623535,54.0,2,2,16,метро Озёрная,8 минут пешком,1,8,https://www.cian.ru/sale/flat/289070977/
4200000,15.250595083253597,8.3,1,1,14,метро Алма-Атинская,9 минут пешком,1,9,https://www.cian.ru/sale/flat/316744825/
10200000,16.1378982782545,32.5,1,5,9,метро Алтуфьево,10 минут пешком,1,10,https://www.cian.ru/sale/flat/309203394/
24000000,16.99356438831222,79.9,3,8,14,метро Косино,5 минут пешком,1,5,https://www.cian.ru/sale/flat/316673784/
20897481,16.85513918335537,61.7,2,15,24,метро Солнцево,3 минуты на транспорте,0,3,https://www.cian.ru/sale/flat/298647397/
11900000,16.292048958081757,38.5,2,3,14,метро Генерала Тюленева,7 минут пешком,1,7,https://www.cian.ru/sale/flat/310625201/
10499999,16.166885719889653,45.0,2,5,9,метро Ясенево,4 минуты на транспорте,0,4,https://www.cian.ru/sale/flat/309725093/
65000000,17.98989782785991,83.5,3,60,78,метро Деловой центр,6 минут пешком,1,6,https://www.cian.ru/sale/flat/313340209/
139000000,18.749984491094967,109.0,3,5,12,метро Новослободская,19 минут пешком,1,19,https://www.cian.ru/sale/flat/314600078/
66400000,18.01120761444666,79.4,2,8,13,метро Новослободская,20 минут пешком,1,20,https://www.cian.ru/sale/flat/315810013/
12273012,16.322913263335217,53.0,3,1,9,метро Перово,6 минут на транспорте,0,6,https://www.cian.ru/sale/flat/312463920/
52211250,17.77080854687374,76.5,2,3,4,метро Трубная,15 минут пешком,1,15,https://www.cian.ru/sale/flat/313850858/
76000000,18.146243898250606,116.0,5,6,12,метро Смоленская,12 минут пешком,1,12,https://www.cian.ru/sale/flat/314437617/
22799884,16.94226600619243,85.8,3,8,14,метро Тёплый Стан,10 минут пешком,1,10,https://www.cian.ru/sale/flat/313194403/
5699000,15.555801278817135,30.0,1,6,6,метро Первомайская,16 минут пешком,1,16,https://www.cian.ru/sale/flat/315614705/
27000000,17.111347423968603,37.0,1,1,5,метро Полянка,17 минут пешком,1,17,https://www.cian.ru/sale/flat/313233682/
29207154,17.189924237230912,103.8,3,8,9,метро Говорово,10 минут на транспорте,0,10,https://odintsovo.cian.ru/sale/flat/310282412/
6750000,15.725053062848712,34.7,1,4,5,метро Жулебино,17 минут на транспорте,0,17,https://lyubertsy.cian.ru/sale/flat/312898905/
25000000,17.034386382832476,77.0,3,12,24,метро Ботанический сад,16 минут пешком,1,16,https://www.cian.ru/sale/flat/311030288/
29000000,17.182806387950748,79.5,3,13,14,метро Университет дружбы народов,12 минут пешком,1,12,https://www.cian.ru/sale/flat/316168060/
11800000,16.283610089435893,52.5,2,6,14,метро Пражская,8 минут на транспорте,0,8,https://www.cian.ru/sale/flat/316652631/
44800000,17.617718697385214,97.6,4,1,5,метро Чкаловская,17 минут пешком,1,17,https://www.cian.ru/sale/flat/313303791/
12700000,16.35711255142882,37.0,1,15,17,метро Рижская,4 минуты на транспорте,0,4,https://www.cian.ru/sale/flat/314715977/
28500000,17.16541464523888,58.0,2,2,6,метро Деловой центр,16 минут пешком,1,16,https://www.cian.ru/sale/flat/315823538/
25700000,17.06200154986545,54.0,1,2,12,метро Третьяковская,19 минут пешком,1,19,https://www.cian.ru/sale/flat/314930140/
10250000,16.14278826354869,31.0,1,7,9,метро Дубровка,14 минут пешком,1,14,https://www.cian.ru/sale/flat/313972011/
30000000,17.216707939626428,45.5,2,5,5,метро Чистые пруды,10 минут пешком,1,10,https://www.cian.ru/sale/flat/316797751/
16957318,16.64621003903064,65.8,2,2,16,метро Ольховая,5 минут на транспорте,0,5,https://www.cian.ru/sale/flat/316589885/
142000000,18.771337615565532,109.0,3,2,4,метро Новокузнецкая,13 минут пешком,1,13,https://www.cian.ru/sale/flat/303778588/
19000000,16.759949537130716,51.0,2,9,16,метро Беговая,8 минут пешком,1,8,https://www.cian.ru/sale/flat/316418593/
7900000,15.88237331743725,56.0,2,5,25,метро Щёлковская,15 минут на транспорте,0,15,https://balashikha.cian.ru/sale/flat/314846489/
5300000,15.483217378522353,45.3,2,5,5,метро Красногвардейская,24 минуты на транспорте,0,24,https://domodedovo.cian.ru/sale/flat/312674596/
36579000,17.41498486321051,81.1,3,4,21,метро ЦСКА,8 минут на транспорте,0,8,https://www.cian.ru/sale/flat/303024778/
23000000,16.951004773893423,65.0,3,3,16,метро Краснопресненская,19 минут пешком,1,19,https://www.cian.ru/sale/flat/314942352/
11800000,16.283610089435893,36.3,1,12,14,метро Партизанская,4 минуты на транспорте,0,4,https://www.cian.ru/sale/flat/316191557/
28600000,17.168917275790083,80.4,3,5,10,метро Сокол,20 минут пешком,1,20,https://www.cian.ru/sale/flat/311382504/
55000000,17.822843743196746,96.4,4,5,14,метро Ломоносовский проспект,6 минут на транспорте,0,6,https://www.cian.ru/sale/flat/313452318/
15610196,16.5634348484666,64.8,3,2,17,метро Пыхтино,7 минут на транспорте,0,7,https://www.cian.ru/sale/flat/316816117/
79000000,18.184958410431296,90.7,3,3,8,метро Трубная,15 минут пешком,1,15,https://www.cian.ru/sale/flat/312615724/
13300000,16.40327459319198,47.3,2,2,9,метро Верхние Лихоборы,16 минут пешком,1,16,https://www.cian.ru/sale/flat/315963938/
12100000,16.308716010566968,35.0,1,6,12,метро Улица Академика Янгеля,20 минут пешком,1,20,https://www.cian.ru/sale/flat/316567822/
18230000,16.718579146654847,99.7,5,14,17,метро Свиблово,14 минут на транспорте,0,14,https://mytishchi.cian.ru/sale/flat/316435405/
70900000,18.07678099150236,69.1,2,6,10,метро Савёловская,16 минут пешком,1,16,https://www.cian.ru/sale/flat/313651231/
30900000,17.246266741867974,109.7,4,7,7,метро Дмитровская,20 минут пешком,1,20,https://www.cian.ru/sale/flat/314004246/
38882785,17.476062165649594,91.9,3,21,27,метро ВДНХ,18 минут пешком,1,18,https://www.cian.ru/sale/flat/296010089/
26302846,17.085187704221152,54.4,2,11,15,метро Технопарк,4 минуты на транспорте,0,4,https://www.cian.ru/sale/flat/313928087/
9600000,16.077273656438063,41.7,2,2,9,метро Окская,4 минуты на транспорте,0,4,https://www.cian.ru/sale/flat/316135519/
10800000,16.195056692094447,31.0,1,1,9,метро Солнцево,12 минут пешком,1,12,https://www.cian.ru/sale/flat/313171881/
93371900,18.352101001401618,87.6,3,4,46,метро Фили,8 минут пешком,1,8,https://www.cian.ru/sale/flat/314317801/
65200000,17.99297002689688,115.0,2,7,10,метро Новаторская,13 минут пешком,1,13,https://www.cian.ru/sale/flat/312667273/
12490000,16.34043888210176,72.5,3,10,14,метро Шипиловская,15 минут на транспорте,0,15,https://dzerzhinsky.cian.ru/sale/flat/316801159/
22500000,16.929025867174648,73.0,3,1,17,метро Кунцевская,9 минут пешком,1,9,https://www.cian.ru/sale/flat/316589149/
11823413,16.28559227614752,43.6,1,15,20,метро Рассказовка,8 минут на транспорте,0,8,https://www.cian.ru/sale/flat/315943897/
11500000,16.25785759333348,47.4,2,2,9,метро Южная,12 минут пешком,1,12,https://www.cian.ru/sale/flat/305681413/
11000000,16.213405830762646,43.7,2,3,4,метро Строгино,10 минут на транспорте,0,10,https://www.cian.ru/sale/flat/304305061/
11774300,16.28142974811664,38.0,2,8,8,метро Коммунарка,15 минут пешком,1,15,https://www.cian.ru/sale/flat/316590444/
90500000,18.320860408670157,90.5,3,8,20,метро Краснопресненская,14 минут пешком,1,14,https://www.cian.ru/sale/flat/297151858/
13743380,16.436067811594945,62.3,2,13,13,метро Тёплый Стан,8 минут на транспорте,0,8,https://www.cian.ru/sale/flat/315526607/
8900000,16.00156183470237,56.0,2,2,9,метро Лермонтовский проспект,5 минут на транспорте,0,5,https://lyubertsy.cian.ru/sale/flat/315805307/
39990000,17.504139980823002,82.4,3,5,9,метро Римская,7 минут пешком,1,7,https://www.cian.ru/sale/flat/310328710/
28500000,17.16541464523888,65.0,2,20,47,метро Новаторская,20 минут пешком,1,20,https://www.cian.ru/sale/flat/314264023/
14300000,16.475770095230136,37.2,1,5,17,метро Печатники,12 минут пешком,1,12,https://www.cian.ru/sale/flat/316127286/
11500000,16.25785759333348,47.4,2,1,12,метро Солнцево,20 минут пешком,1,20,https://www.cian.ru/sale/flat/316797216/
13700000,16.432906390798355,58.6,3,5,9,метро Пражская,18 минут пешком,1,18,https://www.cian.ru/sale/flat/315611670/
79000000,18.184958410431296,87.7,3,3,3,метро Китай-город,16 минут пешком,1,16,https://www.cian.ru/sale/flat/303376282/
29507680,17.200161126410787,31.1,1,8,15,метро Ленинский проспект,4 минуты на транспорте,0,4,https://www.cian.ru/sale/flat/315688033/
26654589,17.0984718888742,58.5,2,10,32,метро Багратионовская,8 минут пешком,1,8,https://www.cian.ru/sale/flat/313006788/
8950000,16.007164090251038,33.1,1,17,17,метро Ольховая,5 минут на транспорте,0,5,https://www.cian.ru/sale/flat/313301384/
10400000,16.1573163641116,58.3,2,4,18,метро Речной вокзал,11 минут на транспорте,0,11,https://khimki.cian.ru/sale/flat/315212247/
16500000,16.61887093887081,35.7,1,11,16,метро Достоевская,16 минут пешком,1,16,https://www.cian.ru/sale/flat/315106916/
17900000,16.70031127081098,38.7,1,2,17,метро Динамо,8 минут пешком,1,8,https://www.cian.ru/sale/flat/316830720/
24500000,17.014183675514957,55.0,2,23,25,метро Славянский бульвар,10 минут пешком,1,10,https://www.cian.ru/sale/flat/314626137/
66700000,18.01571551088585,85.0,3,16,32,метро Кутузовская,10 минут на транспорте,0,10,https://www.cian.ru/sale/flat/316022830/
21500000,16.883563493097892,59.0,3,3,9,метро Пражская,3 минуты пешком,1,3,https://www.cian.ru/sale/flat/316027996/
33000000,17.312018119430753,61.2,2,10,10,метро Студенческая,11 минут пешком,1,11,https://www.cian.ru/sale/flat/316820707/
10900000,16.204273347199372,36.2,1,8,9,метро Яхромская,5 минут на транспорте,0,5,https://www.cian.ru/sale/flat/311481555/
10219716,16.139829353704016,35.1,1,16,17,метро Потапово,9 минут на транспорте,0,9,https://www.cian.ru/sale/flat/316669720/
10500000,16.166885815127753,37.9,1,6,17,метро Яхромская,6 минут на транспорте,0,6,https://www.cian.ru/sale/flat/313599599/
42000000,17.553180176247643,50.0,1,3,10,метро Сретенский бульвар,9 минут пешком,1,9,https://www.cian.ru/sale/flat/310885100/
34999900,17.37085576230675,75.0,2,4,27,метро Авиамоторная,12 минут пешком,1,12,https://www.cian.ru/sale/flat/315746058/
19950000,16.808739701300148,30.0,1,2,44,метро Верхние Лихоборы,16 минут пешком,1,16,https://www.cian.ru/sale/flat/316331206/
17500000,16.67771143889374,74.1,3,14,16,метро Филатов Луг,7 минут на транспорте,0,7,https://www.cian.ru/sale/flat/315979031/
5700000,15.555976732804778,43.3,2,1,3,метро Царицыно,14 минут на транспорте,0,14,https://vidnoye.cian.ru/sale/flat/308666890/
15500000,16.556350581889475,54.3,2,11,16,метро Битцевский парк,4 минуты на транспорте,0,4,https://www.cian.ru/sale/flat/316013121/
21317335,16.875031149448766,77.9,4,11,17,метро Ольховая,6 минут на транспорте,0,6,https://www.cian.ru/sale/flat/315218442/
13450000,16.414489664012123,44.3,2,5,9,метро Люблино,13 минут пешком,1,13,https://www.cian.ru/sale/flat/309149857/
9999000,16.117995645957986,30.1,1,5,5,метро Стахановская,17 минут пешком,1,17,https://www.cian.ru/sale/flat/311345408/
12700000,16.35711255142882,31.9,1,4,9,метро Крестьянская Застава,15 минут пешком,1,15,https://www.cian.ru/sale/flat/309745842/
14471400,16.48768484582799,53.4,2,13,22,метро Ясенево,7 минут на транспорте,0,7,https://www.cian.ru/sale/flat/306784466/
7150000,15.78262291467019,37.0,1,17,21,метро Волоколамская,9 минут на транспорте,0,9,https://krasnogorsk.cian.ru/sale/flat/316515310/
36500000,17.41282281855272,77.5,3,11,34,метро Воронцовская,10 минут пешком,1,10,https://www.cian.ru/sale/flat/316449463/
14000000,16.454567887579532,65.0,3,5,9,метро Тёплый Стан,10 минут пешком,1,10,https://www.cian.ru/sale/flat/316510457/
28000000,17.14771506813948,52.4,2,3,21,метро Баррикадная,19 минут пешком,1,19,https://www.cian.ru/sale/flat/316225243/
40037000,17.505314584529344,81.3,3,7,35,метро Кунцевская,6 минут на транспорте,0,6,https://www.cian.ru/sale/flat/316413218/
5700000,15.555976732804778,40.0,1,15,17,метро Котельники,11 минут на транспорте,0,11,https://dzerzhinsky.cian.ru/sale/flat/316623116/
45650800,17.636531689495726,95.2,3,5,23,метро Электрозаводская,17 минут пешком,1,17,https://www.cian.ru/sale/flat/315273306/
11800000,16.283610089435893,32.0,1,5,14,метро Филатов Луг,9 минут пешком,1,9,https://www.cian.ru/sale/flat/315876141/
15500000,16.556350581889475,56.0,3,2,9,метро Нагатинская,8 минут на транспорте,0,8,https://www.cian.ru/sale/flat/315478714/
18500000,16.733281290048552,75.0,3,9,14,метро Косино,18 минут пешком,1,18,https://www.cian.ru/sale/flat/316797047/
25500000,17.054189010128656,78.6,3,19,22,метро Тропарёво,6 минут пешком,1,6,https://www.cian.ru/sale/flat/302896091/
19800000,16.801192495664765,57.2,3,4,9,метро Рижская,4 минуты на транспорте,0,4,https://www.cian.ru/sale/flat/314503891/
10500000,16.166885815127753,39.0,1,17,17,метро Волоколамская,4 минуты на транспорте,0,4,https://www.cian.ru/sale/flat/316644207/
22500000,16.929025867174648,72.9,3,1,3,метро Комсомольская,13 минут пешком,1,13,https://www.cian.ru/sale/flat/315020785/
23300000,16.963963918535928,65.3,2,3,23,метро Улица Академика Янгеля,3 минуты пешком,1,3,https://www.cian.ru/sale/flat/315658566/
20800000,16.850463544671545,52.1,2,6,16,метро Ботанический сад,13 минут пешком,1,13,https://www.cian.ru/sale/flat/313149923/
5100000,15.444751097694557,28.5,1,4,9,метро Ботанический сад,29 минут на транспорте,0,29,https://korolev.cian.ru/sale/flat/315462011/
13700000,16.432906390798355,45.2,1,20,33,метро Бульвар Адмирала Ушакова,4 минуты на транспорте,0,4,https://www.cian.ru/sale/flat/315363784/
19100000,16.76519889301686,56.4,2,8,16,метро Яхромская,16 минут пешком,1,16,https://www.cian.ru/sale/flat/316138058/
17800000,16.694709015262312,74.6,3,1,17,метро Новопеределкино,4 минуты пешком,1,4,https://www.cian.ru/sale/flat/316519578/
18550000,16.73598034701772,74.5,3,1,16,метро Мякинино,9 минут на транспорте,0,9,https://www.cian.ru/sale/flat/314429470/
35740000,17.391781067695558,64.7,3,9,33,метро Добрынинская,6 минут на транспорте,0,6,https://www.cian.ru/sale/flat/313067361/
15300000,16.543363386362664,62.0,2,9,24,метро Волоколамская,8 минут на транспорте,0,8,https://www.cian.ru/sale/flat/316069106/
59990000,17.909688439629274,107.0,3,39,40,метро Профсоюзная,18 минут пешком,1,18,https://www.cian.ru/sale/flat/313176606/
18500000,16.733281290048552,77.9,3,19,22,метро Улица Горчакова,20 минут пешком,1,20,https://www.cian.ru/sale/flat/315882714/
11990000,16.299583527003698,59.0,3,7,9,метро Улица Академика Янгеля,16 минут пешком,1,16,https://www.cian.ru/sale/flat/301963450/
19700000,16.796129193708218,56.0,3,9,9,метро Крестьянская Застава,4 минуты на транспорте,0,4,https://www.cian.ru/sale/flat/314745636/
15840000,16.578048944350552,50.6,2,10,17,метро Чертановская,2 минуты пешком,1,2,https://www.cian.ru/sale/flat/300253966/
15000000,16.523560759066484,45.0,2,6,9,метро Коньково,20 минут пешком,1,20,https://www.cian.ru/sale/flat/313737828/
23450000,16.970381052856563,71.0,2,5,8,метро Щукинская,10 минут пешком,1,10,https://www.cian.ru/sale/flat/315679221/
63500000,17.96655046386292,125.2,5,3,23,метро Новоясеневская,18 минут пешком,1,18,https://www.cian.ru/sale/flat/306037248/
9500000,16.06680235657077,38.0,1,4,14,метро Пражская,20 минут пешком,1,20,https://www.cian.ru/sale/flat/311152667/
17000000,16.64872390202049,36.0,1,2,18,метро Терехово,18 минут пешком,1,18,https://www.cian.ru/sale/flat/315776743/
13950000,16.45099006623165,47.0,2,9,14,метро Варшавская,17 минут пешком,1,17,https://www.cian.ru/sale/flat/313358534/
18726000,16.74542349048097,51.9,2,2,4,метро Спартак,5 минут на транспорте,0,5,https://www.cian.ru/sale/flat/312099780/
70000000,18.064005800013632,113.0,4,11,11,метро Улица 1905 года,19 минут пешком,1,19,https://www.cian.ru/sale/flat/313171268/
19136254,16.767095209055775,35.1,1,10,44,метро Октябрьское Поле,6 минут пешком,1,6,https://www.cian.ru/sale/flat/316447910/
30350000,17.228307075469782,80.0,3,17,24,метро Нагатинская,7 минут на транспорте,0,7,https://www.cian.ru/sale/flat/309903397/
13699000,16.432833395433526,52.6,2,1,12,метро Яхромская,16 минут пешком,1,16,https://www.cian.ru/sale/flat/314887739/
21990000,16.906098362530944,58.7,3,7,9,метро Юго-Западная,12 минут пешком,1,12,https://www.cian.ru/sale/flat/315548152/
36000000,17.399029496420383,77.3,4,6,6,метро Красносельская,18 минут пешком,1,18,https://www.cian.ru/sale/flat/315541480/
61000000,17.926384422137584,54.0,2,9,12,метро Марксистская,18 минут пешком,1,18,https://www.cian.ru/sale/flat/313073301/
10048800,16.122963782355182,47.4,2,1,24,метро Бабушкинская,16 минут на транспорте,0,16,https://mytishchi.cian.ru/sale/flat/314204007/
11499000,16.257770633030802,31.4,1,2,24,метро Авиамоторная,19 минут пешком,1,19,https://www.cian.ru/sale/flat/311428015/
14000000,16.454567887579532,51.9,2,2,12,метро Братиславская,4 минуты на транспорте,0,4,https://www.cian.ru/sale/flat/315338903/
16982507,16.647694372236526,57.8,2,25,26,метро Лесопарковая,7 минут пешком,1,7,https://www.cian.ru/sale/flat/313298441/
12600000,16.349207371921707,54.7,2,16,17,метро Пыхтино,10 минут пешком,1,10,https://www.cian.ru/sale/flat/316715553/
15842000,16.578175199006363,82.0,3,1,4,метро Зябликово,17 минут на транспорте,0,17,https://vidnoye.cian.ru/sale/flat/316478847/
21000000,16.860032995687696,52.8,2,8,14,метро ВДНХ,11 минут пешком,1,11,https://www.cian.ru/sale/flat/312743016/
16610000,16.625515481589478,22.7,1,22,24,метро Университет дружбы народов,3 минуты на транспорте,0,3,https://www.cian.ru/sale/flat/294815146/
83000000,18.234351165760877,110.0,4,3,5,метро Тверская,2 минуты пешком,1,2,https://www.cian.ru/sale/flat/301707381/
15004818,16.523881907492807,57.2,2,11,11,метро Ховрино,20 минут на транспорте,0,20,https://www.cian.ru/sale/flat/314607308/
42000000,17.553180176247643,60.0,2,6,6,метро Фрунзенская,4 минуты на транспорте,0,4,https://www.cian.ru/sale/flat/314638271/
13000000,16.38045991542581,32.0,1,3,9,метро Бауманская,3 минуты пешком,1,3,https://www.cian.ru/sale/flat/316435918/
13700000,16.432906390798355,37.8,2,5,24,метро Отрадное,7 минут на транспорте,0,7,https://www.cian.ru/sale/flat/315548844/
105000000,18.4694709081218,112.0,3,7,8,метро Арбатская,10 минут пешком,1,10,https://www.cian.ru/sale/flat/314845773/
7100000,15.775605342011543,38.0,1,17,17,метро Измайловская,14 минут на транспорте,0,14,https://balashikha.cian.ru/sale/flat/313594678/
26350000,17.086978832951644,75.0,3,3,23,метро Фонвизинская,3 минуты пешком,1,3,https://www.cian.ru/sale/flat/314221013/
55000000,17.822843743196746,113.0,4,13,20,метро Беляево,15 минут пешком,1,15,https://www.cian.ru/sale/flat/312127131/
8500000,15.955576721460544,24.7,1,9,10,метро Строгино,20 минут пешком,1,20,https://www.cian.ru/sale/flat/315197268/
19600000,16.791040124200745,53.7,2,9,17,метро Тропарёво,5 минут на транспорте,0,5,https://www.cian.ru/sale/flat/314422823/
30400000,17.22995316637645,47.0,2,14,25,метро Аминьевская,5 минут на транспорте,0,5,https://www.cian.ru/sale/flat/311729411/
51500000,17.757092365633966,96.0,4,7,17,метро Электрозаводская,16 минут пешком,1,16,https://www.cian.ru/sale/flat/313882663/
13000000,16.38045991542581,43.4,2,1,9,метро Университет дружбы народов,17 минут пешком,1,17,https://www.cian.ru/sale/flat/311352384/
14900000,16.51687177091569,62.7,3,1,12,метро Пражская,8 минут на транспорте,0,8,https://www.cian.ru/sale/flat/308750918/
70000000,18.064005800013632,113.0,4,11,11,метро Краснопресненская,19 минут пешком,1,19,https://www.cian.ru/sale/flat/313171268/
7300000,15.80338490611862,34.4,1,6,10,метро Бульвар Дмитрия Донского,10 минут на транспорте,0,10,https://vidnoye.cian.ru/sale/flat/311178957/
16300000,16.60667566577699,44.7,1,25,25,метро Новаторская,15 минут пешком,1,15,https://www.cian.ru/sale/flat/308022166/
135000000,18.720785336402702,102.0,3,16,34,метро Парк Победы,17 минут пешком,1,17,https://www.cian.ru/sale/flat/315551633/
22952248,16.948926441743556,60.5,3,23,24,метро Боровское шоссе,4 минуты на транспорте,0,4,https://www.cian.ru/sale/flat/300444128/
15500000,16.556350581889475,34.5,1,25,25,метро Солнцево,5 минут на транспорте,0,5,https://www.cian.ru/sale/flat/279380322/
10500000,16.166885815127753,26.2,1,7,10,метро Селигерская,4 минуты на транспорте,0,4,https://www.cian.ru/sale/flat/305267351/
22934586,16.948156634836753,66.2,2,2,12,метро Ольховая,10 минут на транспорте,0,10,https://www.cian.ru/sale/flat/315217757/
27000000,17.111347423968603,64.4,3,12,12,метро Минская,11 минут пешком,1,11,https://www.cian.ru/sale/flat/315145942/
19499999,16.785924972251923,55.3,2,9,13,метро Тропарёво,20 минут пешком,1,20,https://www.cian.ru/sale/flat/315209112/
29500000,17.19990082131005,85.0,3,18,26,метро Улица Скобелевская,15 минут пешком,1,15,https://www.cian.ru/sale/flat/315461485/
11800000,16.283610089435893,58.5,2,1,14,метро Аэропорт Внуково,5 минут на транспорте,0,5,https://www.cian.ru/sale/flat/313148633/
29550000,17.20159430181638,44.1,2,7,34,метро Воронцовская,7 минут пешком,1,7,https://www.cian.ru/sale/flat/316769987/
5350000,15.49260711887219,37.2,1,2,5,метро Домодедовская,28 минут на транспорте,0,28,https://domodedovo.cian.ru/sale/flat/316462967/
21900000,16.90199719478673,62.9,2,2,20,метро Владыкино,14 минут пешком,1,14,https://www.cian.ru/sale/flat/316322042/
117617500,18.582948391881573,122.2,4,14,20,метро Краснопресненская,13 минут пешком,1,13,https://www.cian.ru/sale/flat/307004325/
9300000,16.045524958123483,45.8,2,1,9,метро Измайловская,8 минут на транспорте,0,8,https://www.cian.ru/sale/flat/314180210/
10500000,16.166885815127753,50.0,2,1,8,метро Алексеевская,10 минут пешком,1,10,https://www.cian.ru/sale/flat/316640827/
24600000,17.01825700090259,58.0,2,20,20,метро Автозаводская,3 минуты на транспорте,0,3,https://www.cian.ru/sale/flat/316277969/
16000000,16.588099280204055,38.8,1,8,12,метро Сокольники,19 минут пешком,1,19,https://www.cian.ru/sale/flat/315046319/
22000000,16.90655301132259,73.5,3,3,16,метро Севастопольская,15 минут пешком,1,15,https://www.cian.ru/sale/flat/313539037/
10100000,16.12804598181149,32.1,1,3,27,метро Потапово,5 минут на транспорте,0,5,https://www.cian.ru/sale/flat/316333077/
18270007,16.720771311495877,40.6,1,2,5,метро Водный стадион,5 минут на транспорте,0,5,https://www.cian.ru/sale/flat/315587546/
13300000,16.40327459319198,45.3,2,1,12,метро Орехово,19 минут пешком,1,19,https://www.cian.ru/sale/flat/314532694/
8500000,15.955576721460544,19.7,1,10,22,метро Тропарёво,17 минут пешком,1,17,https://www.cian.ru/sale/flat/316177228/
22000000,16.90655301132259,43.7,1,9,24,метро Деловой центр,15 минут пешком,1,15,https://www.cian.ru/sale/flat/314939649/
23800000,16.985196138641705,42.0,2,5,26,метро Римская,19 минут пешком,1,19,https://www.cian.ru/sale/flat/315780783/
49389200,17.71524233477477,113.8,4,3,31,метро Окружная,4 минуты на транспорте,0,4,https://www.cian.ru/sale/flat/297432075/
21305061,16.87445520808971,41.4,1,14,30,метро Дубровка,17 минут пешком,1,17,https://www.cian.ru/sale/flat/313513658/
32990000,17.311715043204764,79.5,3,5,14,метро Серпуховская,8 минут пешком,1,8,https://www.cian.ru/sale/flat/306857253/
82800000,18.23193861935549,96.6,4,17,21,метро Таганская,20 минут пешком,1,20,https://www.cian.ru/sale/flat/316201226/
15900000,16.58182966719046,32.1,1,7,9,метро Проспект Мира,4 минуты пешком,1,4,https://www.cian.ru/sale/flat/316067222/
25500951,17.054226303550895,74.8,2,58,59,метро Сходненская,7 минут на транспорте,0,7,https://www.cian.ru/sale/flat/315516836/
9850000,16.10298201314827,43.0,1,3,16,метро Волоколамская,20 минут пешком,1,20,https://krasnogorsk.cian.ru/sale/flat/306154885/
19700000,16.796129193708218,53.9,2,10,19,метро Калужская,16 минут пешком,1,16,https://www.cian.ru/sale/flat/297381105/
37491579,17.439626905723266,85.5,3,12,32,метро Багратионовская,8 минут пешком,1,8,https://www.cian.ru/sale/flat/306980094/
22000000,16.90655301132259,72.0,4,2,5,метро Партизанская,4 минуты на транспорте,0,4,https://www.cian.ru/sale/flat/315262916/
5200000,15.464169183551656,46.0,2,2,4,метро Комсомольская,60 минут на транспорте,0,60,https://fryazino.cian.ru/sale/flat/283997710/
22300000,16.920097236430347,77.3,3,5,5,метро Волгоградский проспект,4 минуты на транспорте,0,4,https://www.cian.ru/sale/flat/312639643/
36950000,17.425076205358486,54.0,2,2,7,метро Площадь Революции,17 минут пешком,1,17,https://www.cian.ru/sale/flat/314248462/
15343288,16.54618867252612,35.7,1,18,30,метро Борисово,5 минут на транспорте,0,5,https://www.cian.ru/sale/flat/313034212/
14754790,16.507078333794322,43.9,1,17,24,метро Севастопольская,4 минуты на транспорте,0,4,https://www.cian.ru/sale/flat/315541969/
44990000,17.621950800817356,83.0,3,10,27,метро Алексеевская,10 минут пешком,1,10,https://www.cian.ru/sale/flat/316428546/
14990000,16.522893870078782,46.1,2,5,12,метро Нагорная,20 минут пешком,1,20,https://www.cian.ru/sale/flat/314493205/
10050000,16.12308319246936,40.0,2,5,5,метро Кузьминки,20 минут пешком,1,20,https://www.cian.ru/sale/flat/314418977/
10522760,16.1690510882786,52.3,2,19,24,метро Бабушкинская,21 минута на транспорте,0,21,https://mytishchi.cian.ru/sale/flat/311955148/
13790000,16.439454249769483,54.0,2,15,16,метро Лианозово,4 минуты на транспорте,0,4,https://www.cian.ru/sale/flat/316804866/
18900000,16.75467248002987,42.0,2,16,19,метро Ольховая,5 минут на транспорте,0,5,https://www.cian.ru/sale/flat/315221548/
20500000,16.835935444108635,32.3,1,5,14,метро Новокузнецкая,20 минут пешком,1,20,https://www.cian.ru/sale/flat/316270901/
23900000,16.98938901690174,82.0,3,12,17,метро Войковская,5 минут на транспорте,0,5,https://www.cian.ru/sale/flat/314223172/
18600000,16.73867213868343,62.7,3,7,12,метро Ботанический сад,4 минуты на транспорте,0,4,https://www.cian.ru/sale/flat/297897525/
17500000,16.67771143889374,35.1,1,16,17,метро ВДНХ,8 минут на транспорте,0,8,https://www.cian.ru/sale/flat/307091345/
27700000,17.136942971157566,78.6,3,16,22,метро Университет дружбы народов,18 минут пешком,1,18,https://www.cian.ru/sale/flat/313591364/
26000000,17.073607095985757,84.0,3,1,8,метро Проспект Вернадского,19 минут пешком,1,19,https://www.cian.ru/sale/flat/316632363/
20950000,16.85764920433242,57.2,2,18,18,метро Щукинская,6 минут пешком,1,6,https://www.cian.ru/sale/flat/316816762/
25990000,17.073222406617674,60.0,3,3,9,метро Москва-Сити,15 минут пешком,1,15,https://www.cian.ru/sale/flat/314303089/
49751559,17.72255235776131,87.0,3,38,43,метро Тимирязевская,5 минут на транспорте,0,5,https://www.cian.ru/sale/flat/308022989/
22000000,16.90655301132259,39.4,1,2,27,метро Серпуховская,18 минут пешком,1,18,https://www.cian.ru/sale/flat/314069327/
26500000,17.09265529095645,61.5,2,5,7,метро Белорусская,14 минут пешком,1,14,https://www.cian.ru/sale/flat/312069614/
39600000,17.49433967622471,45.8,2,3,7,метро Белорусская,14 минут пешком,1,14,https://www.cian.ru/sale/flat/306821480/
15600000,16.562781472219765,54.0,2,3,16,метро Тропарёво,7 минут на транспорте,0,7,https://www.cian.ru/sale/flat/316798040/
6500000,15.687312734865866,45.2,2,4,9,метро Свиблово,17 минут на транспорте,0,17,https://mytishchi.cian.ru/sale/flat/316446509/
13244544,16.399096252009578,38.4,2,23,30,метро Улица Горчакова,4 минуты на транспорте,0,4,https://www.cian.ru/sale/flat/316589453/
27999999,17.147715032425193,50.0,1,5,44,метро Краснопресненская,13 минут пешком,1,13,https://www.cian.ru/sale/flat/315936373/
12900000,16.3727378693319,56.5,2,2,26,метро Лермонтовский проспект,6 минут на транспорте,0,6,https://lyubertsy.cian.ru/sale/flat/312304246/
37540200,17.44092291675895,118.3,3,14,16,метро Бульвар Рокоссовского,7 минут на транспорте,0,7,https://www.cian.ru/sale/flat/297027112/
21350075,16.8765658105133,67.7,2,4,30,метро Улица Академика Янгеля,12 минут пешком,1,12,https://www.cian.ru/sale/flat/307195810/
26093072,17.0771803964443,96.1,4,20,21,метро Коммунарка,15 минут пешком,1,15,https://www.cian.ru/sale/flat/315218920/
25000000,17.034386382832476,60.0,2,6,20,метро Спартак,6 минут на транспорте,0,6,https://www.cian.ru/sale/flat/316192573/
52700000,17.78012601351159,70.9,2,19,44,метро Краснопресненская,13 минут пешком,1,13,https://www.cian.ru/sale/flat/315589484/
18000000,16.70588231586044,122.0,4,4,4,метро Рижская,79 минут на транспорте,0,79,https://www.cian.ru/sale/flat/316237656/
43000000,17.576710673657836,101.1,3,9,9,метро Академическая,7 минут пешком,1,7,https://www.cian.ru/sale/flat/315929775/
9900000,16.108045315104818,32.5,1,5,9,метро Лианозово,4 минуты на транспорте,0,4,https://www.cian.ru/sale/flat/316062590/
14000000,16.454567887579532,65.0,3,5,9,метро Генерала Тюленева,18 минут пешком,1,18,https://www.cian.ru/sale/flat/316510457/
27594000,17.133108915750118,125.9,3,13,14,метро Коньково,3 минуты на транспорте,0,3,https://www.cian.ru/sale/flat/313194415/
39600000,17.49433967622471,45.8,2,3,7,метро Улица 1905 года,13 минут пешком,1,13,https://www.cian.ru/sale/flat/306821480/
13200000,16.3957273875566,50.0,2,5,9,метро Рязанский проспект,18 минут пешком,1,18,https://www.cian.ru/sale/flat/315211089/
32900000,17.3089832157356,79.0,3,6,8,метро Тургеневская,13 минут пешком,1,13,https://www.cian.ru/sale/flat/316447895/
8499999,15.95557660381348,40.0,2,3,5,метро Тульская,18 минут пешком,1,18,https://www.cian.ru/sale/flat/293054575/
19900000,16.80623028969472,58.3,2,2,22,метро Новоясеневская,20 минут пешком,1,20,https://www.cian.ru/sale/flat/316210976/
78500000,18.17860918275264,80.0,2,9,12,метро Менделеевская,20 минут пешком,1,20,https://www.cian.ru/sale/flat/314961178/
32599000,17.299792171019828,54.6,2,2,42,метро Фили,6 минут пешком,1,6,https://www.cian.ru/sale/flat/314840840/
17499000,16.677654294403883,72.2,3,14,17,метро Улица Горчакова,15 минут пешком,1,15,https://www.cian.ru/sale/flat/315594118/
16200000,16.600521800202614,71.6,3,9,18,метро Ботанический сад,19 минут пешком,1,19,https://www.cian.ru/sale/flat/316595546/
35500000,17.385043254445645,57.9,3,1,9,метро Сретенский бульвар,18 минут пешком,1,18,https://www.cian.ru/sale/flat/314331391/
25820755,17.066689183853793,59.3,2,2,12,метро Бульвар Рокоссовского,4 минуты на транспорте,0,4,https://www.cian.ru/sale/flat/315680891/
20800000,16.850463544671545,53.7,2,2,8,метро Динамо,13 минут пешком,1,13,https://www.cian.ru/sale/flat/316627356/
14500000,16.489659207390805,69.6,2,3,20,метро Кантемировская,8 минут на транспорте,0,8,https://www.cian.ru/sale/flat/315129983/
35000000,17.37085861945369,77.3,2,6,21,метро Площадь Ильича,13 минут пешком,1,13,https://www.cian.ru/sale/flat/308830578/
95000000,18.36938744956481,95.4,4,5,5,метро Театральная,9 минут пешком,1,9,https://www.cian.ru/sale/flat/316640764/
4000000,15.201804919084164,58.4,2,2,12,метро Аннино,95 минут на транспорте,0,95,https://serpukhov.cian.ru/sale/flat/314890877/
25000000,17.034386382832476,51.0,2,2,12,метро Сухаревская,11 минут пешком,1,11,https://www.cian.ru/sale/flat/315905967/
13000000,16.38045991542581,32.0,1,3,9,метро Комсомольская,18 минут пешком,1,18,https://www.cian.ru/sale/flat/316435918/
20428905,16.832461367706884,60.9,3,2,30,метро Окская,15 минут пешком,1,15,https://www.cian.ru/sale/flat/316584490/
11999000,16.300333870946528,59.8,2,18,23,метро Улица Старокачаловская,8 минут на транспорте,0,8,https://vidnoye.cian.ru/sale/flat/314083074/
16349569,16.609712094103813,53.9,1,28,28,метро Строгино,7 минут на транспорте,0,7,https://krasnogorsk.cian.ru/sale/flat/316147057/
9800000,16.0978929436408,34.0,1,4,17,метро Пыхтино,10 минут пешком,1,10,https://www.cian.ru/sale/flat/315778912/
34990000,17.37057286434387,94.1,3,3,22,метро Борисово,4 минуты на транспорте,0,4,https://www.cian.ru/sale/flat/300418667/
12300000,16.325109820342647,94.0,3,2,3,метро Новокосино,9 минут на транспорте,0,9,https://balashikha.cian.ru/sale/flat/314950085/
42500000,17.565014633894645,92.7,2,6,7,метро Алексеевская,9 минут пешком,1,9,https://www.cian.ru/sale/flat/314832827/
31000000,17.24949776244942,40.0,2,6,41,метро Кутузовская,18 минут пешком,1,18,https://www.cian.ru/sale/flat/316745087/
12800000,16.364955728889846,44.0,2,7,9,метро Чертановская,4 минуты на транспорте,0,4,https://www.cian.ru/sale/flat/313047776/
48140000,17.6896239903192,79.9,3,28,35,метро Аминьевская,4 минуты на транспорте,0,4,https://www.cian.ru/sale/flat/316413206/
22200000,16.915602846842507,72.9,3,7,14,метро Кожуховская,12 минут пешком,1,12,https://www.cian.ru/sale/flat/316592177/
57500000,17.86729550576758,68.0,2,3,28,метро Красносельская,19 минут пешком,1,19,https://www.cian.ru/sale/flat/314304135/
11000000,16.213405830762646,63.1,2,4,20,метро Планерная,9 минут на транспорте,0,9,https://krasnogorsk.cian.ru/sale/flat/310283297/
141538950,18.76808550218677,108.6,4,5,13,метро Лубянка,16 минут пешком,1,16,https://www.cian.ru/sale/flat/310665731/
33900000,17.33892557235068,55.0,2,2,8,метро Новослободская,14 минут пешком,1,14,https://www.cian.ru/sale/flat/316580621/
22300000,16.920097236430347,64.2,3,8,9,метро Университет дружбы народов,14 минут пешком,1,14,https://www.cian.ru/sale/flat/313274014/
41308000,17.53656674377343,84.2,3,14,23,метро Красносельская,4 минуты на транспорте,0,4,https://www.cian.ru/sale/flat/309260627/
15500000,16.556350581889475,54.2,2,2,12,метро Владыкино,4 минуты на транспорте,0,4,https://www.cian.ru/sale/flat/315590352/
70000000,18.064005800013632,80.5,3,13,21,метро Курская,5 минут пешком,1,5,https://www.cian.ru/sale/flat/312764341/
14000000,16.454567887579532,39.5,1,2,10,метро Партизанская,5 минут на транспорте,0,5,https://www.cian.ru/sale/flat/316734412/
18620000,16.739746829813196,40.4,1,13,32,метро Водный стадион,13 минут пешком,1,13,https://www.cian.ru/sale/flat/316417616/
11600000,16.266515656076592,38.7,1,6,8,метро Бульвар Адмирала Ушакова,5 минут на транспорте,0,5,https://www.cian.ru/sale/flat/314355747/
49500000,17.717483227538917,94.7,3,6,6,метро Китай-город,15 минут пешком,1,15,https://www.cian.ru/sale/flat/316397548/
27982359,17.14708483386929,88.3,3,2,4,метро Пятницкое шоссе,6 минут на транспорте,0,6,https://krasnogorsk.cian.ru/sale/flat/311942545/
16300000,16.60667566577699,52.8,2,2,5,метро Семёновская,7 минут на транспорте,0,7,https://www.cian.ru/sale/flat/314170930/
16900000,16.642824179893303,48.6,1,3,8,метро ВДНХ,16 минут пешком,1,16,https://www.cian.ru/sale/flat/313147831/
99185880,18.412506223414308,68.2,3,3,6,метро Таганская,7 минут пешком,1,7,https://www.cian.ru/sale/flat/282601201/
10458345,16.162910782285337,49.2,2,24,24,метро Медведково,17 минут на транспорте,0,17,https://mytishchi.cian.ru/sale/flat/313027019/
31500000,17.26549810379586,52.6,2,26,27,метро ВДНХ,14 минут пешком,1,14,https://www.cian.ru/sale/flat/315898143/
72900000,18.104599196978885,86.8,3,19,34,метро Парк Победы,17 минут пешком,1,17,https://www.cian.ru/sale/flat/316164504/
30000000,17.216707939626428,101.0,3,5,8,метро Нагорная,5 минут на транспорте,0,5,https://www.cian.ru/sale/flat/315211816/
7525410,15.83379585216479,41.1,1,3,25,метро Котельники,10 минут на транспорте,0,10,https://kotelniki.cian.ru/sale/flat/312673035/
8500000,15.955576721460544,25.0,1,3,9,метро Юго-Восточная,7 минут на транспорте,0,7,https://www.cian.ru/sale/flat/277525991/
17500000,16.67771143889374,50.0,2,2,13,метро Шаболовская,4 минуты на транспорте,0,4,https://www.cian.ru/sale/flat/314585416/
11700000,16.275099399767985,35.2,1,12,14,метро Улица Академика Янгеля,19 минут пешком,1,19,https://www.cian.ru/sale/flat/312307750/
8700000,15.978833583624812,56.0,2,2,5,метро Прокшино,13 минут на транспорте,0,13,https://www.cian.ru/sale/flat/316665413/
12500000,16.34123920227253,44.3,2,7,9,метро Зюзино,13 минут пешком,1,13,https://www.cian.ru/sale/flat/316795761/
27000000,17.111347423968603,42.5,1,3,25,метро Терехово,5 минут на транспорте,0,5,https://www.cian.ru/sale/flat/314291878/
17750000,16.691896073885697,54.0,2,9,17,метро Юго-Западная,4 минуты на транспорте,0,4,https://www.cian.ru/sale/flat/311718577/
37000000,17.4264284706085,72.2,3,8,11,метро Фили,17 минут пешком,1,17,https://www.cian.ru/sale/flat/316742796/
14200000,16.46875252257149,50.9,3,6,9,метро Кантемировская,5 минут на транспорте,0,5,https://www.cian.ru/sale/flat/315691164/
10900000,16.204273347199372,37.0,1,8,12,метро Братиславская,13 минут пешком,1,13,https://www.cian.ru/sale/flat/315928589/
31100000,17.252718377149463,64.2,3,6,7,метро Пушкинская,20 минут пешком,1,20,https://www.cian.ru/sale/flat/315704020/
60000000,17.909855120186375,85.0,2,22,85,метро Деловой центр,3 минуты пешком,1,3,https://www.cian.ru/sale/flat/220912363/
23000000,16.951004773893423,64.7,3,3,17,метро Пролетарская,4 минуты пешком,1,4,https://www.cian.ru/sale/flat/315560303/
31920000,17.278743330545883,85.0,3,21,21,метро Сокол,13 минут пешком,1,13,https://www.cian.ru/sale/flat/316382833/
16569010,16.623044641087976,55.7,2,12,17,метро Пыхтино,7 минут на транспорте,0,7,https://www.cian.ru/sale/flat/309349412/
31950000,17.27968273878782,83.6,3,5,12,метро Сокол,20 минут пешком,1,20,https://www.cian.ru/sale/flat/315703514/
18000000,16.70588231586044,35.2,1,9,18,метро Нагатинский Затон,7 минут пешком,1,7,https://www.cian.ru/sale/flat/314868238/
30500000,17.23323724157764,78.8,3,4,8,метро Академическая,9 минут пешком,1,9,https://www.cian.ru/sale/flat/306682066/
37500000,17.43985149094064,60.3,2,2,10,метро Трубная,16 минут пешком,1,16,https://www.cian.ru/sale/flat/314740485/
8300000,15.931766072766829,33.0,1,3,10,метро Саларьево,15 минут на транспорте,0,15,https://www.cian.ru/sale/flat/313167304/
15343288,16.54618867252612,35.7,1,18,30,метро Борисово,5 минут на транспорте,0,5,https://www.cian.ru/sale/flat/313034212/
38000000,17.45309671769066,70.0,2,6,8,метро Профсоюзная,10 минут пешком,1,10,https://www.cian.ru/sale/flat/310928418/
42000000,17.553180176247643,107.0,4,1,8,метро Площадь Революции,18 минут пешком,1,18,https://www.cian.ru/sale/flat/316217538/
12700000,16.35711255142882,60.4,2,9,12,метро Лермонтовский проспект,9 минут на транспорте,0,9,https://kotelniki.cian.ru/sale/flat/315666124/
12001800,16.300567196503398,41.5,1,10,20,метро Черкизовская,5 минут на транспорте,0,5,https://www.cian.ru/sale/flat/311574770/
13100000,16.38812278817138,50.0,1,6,10,метро Бульвар Адмирала Ушакова,9 минут пешком,1,9,https://www.cian.ru/sale/flat/302943559/
19571100,16.789564546274992,39.5,1,29,31,метро Бульвар Рокоссовского,7 минут на транспорте,0,7,https://www.cian.ru/sale/flat/316454999/
19200000,16.77042083699801,56.0,2,4,18,метро Кузьминки,3 минуты пешком,1,3,https://www.cian.ru/sale/flat/314046954/
7150000,15.78262291467019,27.0,1,1,5,метро Сокольники,17 минут пешком,1,17,https://www.cian.ru/sale/flat/283941996/
35950000,17.39763964213133,58.0,2,7,9,метро Смоленская,17 минут пешком,1,17,https://www.cian.ru/sale/flat/316590920/
4800000,15.38412647587812,22.3,1,13,15,метро Бабушкинская,12 минут на транспорте,0,12,https://mytishchi.cian.ru/sale/flat/316445997/
11200000,16.231424336265324,37.7,1,3,17,метро Владыкино,5 минут на транспорте,0,5,https://www.cian.ru/sale/flat/315984567/
12600000,16.349207371921707,36.6,1,3,17,метро Севастопольская,4 минуты на транспорте,0,4,https://www.cian.ru/sale/flat/316182587/
30066931,17.218936487900375,96.7,4,20,20,метро Улица Горчакова,7 минут на транспорте,0,7,https://www.cian.ru/sale/flat/315219387/
13300000,16.40327459319198,70.0,2,9,16,метро Улица Дмитриевского,5 минут на транспорте,0,5,https://lyubertsy.cian.ru/sale/flat/316624592/
9593000,16.076544223800084,57.6,3,6,9,метро Чертановская,5 минут на транспорте,0,5,https://www.cian.ru/sale/flat/316513808/
9750000,16.09277784297403,32.0,1,3,9,метро Кленовый бульвар,4 минуты на транспорте,0,4,https://www.cian.ru/sale/flat/315775139/
17500000,16.67771143889374,45.0,2,1,9,метро Беговая,18 минут пешком,1,18,https://www.cian.ru/sale/flat/262850044/
15250000,16.540090061017693,60.8,3,4,9,метро Бибирево,14 минут пешком,1,14,https://www.cian.ru/sale/flat/312275083/
21000000,16.860032995687696,65.0,3,12,15,метро Дмитровская,15 минут пешком,1,15,https://www.cian.ru/sale/flat/314268580/
6700000,15.717618084361195,40.8,2,1,3,метро Лухмановская,4 минуты на транспорте,0,4,https://lyubertsy.cian.ru/sale/flat/316771778/
15990000,16.587474084810136,78.0,2,13,27,метро Новогиреево,7 минут на транспорте,0,7,https://reutov.cian.ru/sale/flat/312287174/
10300000,16.147654453199863,32.3,1,7,9,метро Отрадное,11 минут пешком,1,11,https://www.cian.ru/sale/flat/315003595/
27950000,17.14592775756538,76.2,3,4,17,метро Мнёвники,2 минуты на транспорте,0,2,https://www.cian.ru/sale/flat/304746789/
18350000,16.725140132464855,50.9,2,9,14,метро Водный стадион,4 минуты на транспорте,0,4,https://www.cian.ru/sale/flat/309540475/
13000000,16.38045991542581,41.6,2,7,16,метро Перово,5 минут пешком,1,5,https://www.cian.ru/sale/flat/312258662/
6500000,15.687312734865866,37.0,1,7,9,метро Сходненская,9 минут на транспорте,0,9,https://khimki.cian.ru/sale/flat/316813087/
6843677,15.738835718257493,36.9,1,17,17,метро Лухмановская,11 минут на транспорте,0,11,https://balashikha.cian.ru/sale/flat/315441197/
29000000,17.182806387950748,77.0,3,1,17,метро Новые Черёмушки,10 минут пешком,1,10,https://www.cian.ru/sale/flat/316715738/
21000000,16.860032995687696,58.4,3,4,9,метро ЦСКА,16 минут пешком,1,16,https://www.cian.ru/sale/flat/311489322/
30000000,17.216707939626428,63.0,2,4,5,метро Смоленская,5 минут пешком,1,5,https://www.cian.ru/sale/flat/316372121/
38990000,17.47881576095878,62.0,3,1,2,метро Крестьянская Застава,5 минут на транспорте,0,5,https://www.cian.ru/sale/flat/314821540/
12500000,16.34123920227253,38.7,1,11,14,метро Люблино,15 минут пешком,1,15,https://www.cian.ru/sale/flat/313560792/
29990000,17.21637455072519,78.4,3,3,12,метро Технопарк,6 минут на транспорте,0,6,https://www.cian.ru/sale/flat/315598558/
23158212,16.957860005616297,44.7,1,9,47,метро Фонвизинская,19 минут пешком,1,19,https://www.cian.ru/sale/flat/313332809/
30000000,17.216707939626428,77.0,3,3,4,метро Таганская,7 минут пешком,1,7,https://www.cian.ru/sale/flat/300387689/
6700000,15.717618084361195,48.5,2,5,5,метро Царицыно,27 минут на транспорте,0,27,https://domodedovo.cian.ru/sale/flat/313996890/
27999999,17.147715032425193,73.4,4,5,5,метро Тульская,4 минуты на транспорте,0,4,https://www.cian.ru/sale/flat/299291660/
29900000,17.213369038360916,44.7,2,3,12,метро Молодёжная,5 минут на транспорте,0,5,https://www.cian.ru/sale/flat/314227783/
55000000,17.822843743196746,94.1,3,11,12,метро Сретенский бульвар,20 минут пешком,1,20,https://www.cian.ru/sale/flat/312915380/
22900000,16.946647468524468,74.0,3,12,22,метро Новаторская,15 минут пешком,1,15,https://www.cian.ru/sale/flat/316741028/
14553394,16.49333478898463,34.8,1,15,24,метро Боровское шоссе,4 минуты на транспорте,0,4,https://www.cian.ru/sale/flat/306649980/
37000000,17.4264284706085,90.0,3,3,6,метро Красные Ворота,9 минут пешком,1,9,https://www.cian.ru/sale/flat/316386361/
23499000,16.972468425017485,64.0,2,19,22,метро Румянцево,5 минут на транспорте,0,5,https://www.cian.ru/sale/flat/315252557/
27900000,17.144137246791594,72.5,3,11,21,метро ЦСКА,19 минут пешком,1,19,https://www.cian.ru/sale/flat/316346832/
16600000,16.62491325332677,38.0,1,4,17,метро Потапово,6 минут на транспорте,0,6,https://www.cian.ru/sale/flat/315904324/
29000000,17.182806387950748,55.0,2,7,12,метро Студенческая,14 минут пешком,1,14,https://www.cian.ru/sale/flat/316587377/
28800000,17.175885945106174,96.0,4,5,10,метро Мякинино,3 минуты на транспорте,0,3,https://www.cian.ru/sale/flat/310635744/
9700000,16.08763644347361,31.4,1,1,5,метро Кузьминки,18 минут пешком,1,18,https://www.cian.ru/sale/flat/313775179/
37340000,17.43557569607785,76.8,3,26,26,метро Нагатинская,10 минут на транспорте,0,10,https://www.cian.ru/sale/flat/316194034/
26964900,17.110046578235554,91.2,2,30,31,метро Черкизовская,7 минут на транспорте,0,7,https://www.cian.ru/sale/flat/307507641/
49500000,17.717483227538917,94.7,3,6,6,метро Сухаревская,16 минут пешком,1,16,https://www.cian.ru/sale/flat/316397548/
16500000,16.61887093887081,45.0,2,5,5,метро Академическая,7 минут пешком,1,7,https://www.cian.ru/sale/flat/310989008/
23736948,16.9825433794879,71.1,3,19,32,метро Выхино,8 минут на транспорте,0,8,https://www.cian.ru/sale/flat/298393941/
20300000,16.826131444012017,44.0,1,4,12,метро Римская,6 минут на транспорте,0,6,https://www.cian.ru/sale/flat/312980016/
11200000,16.231424336265324,38.5,2,7,12,метро ВДНХ,5 минут на транспорте,0,5,https://www.cian.ru/sale/flat/316133669/
29000000,17.182806387950748,61.2,2,24,33,метро Крылатское,10 минут пешком,1,10,https://www.cian.ru/sale/flat/316016508/
85000000,18.258161814454592,98.0,3,3,17,метро Шаболовская,16 минут пешком,1,16,https://www.cian.ru/sale/flat/316744286/
11800000,16.283610089435893,44.8,2,1,5,метро Ботанический сад,5 минут на транспорте,0,5,https://www.cian.ru/sale/flat/314148338/
15394000,16.5494883810764,47.3,1,5,8,метро Ольховая,17 минут пешком,1,17,https://www.cian.ru/sale/flat/302379387/
10550000,16.17163641788635,43.3,2,5,5,метро Каширская,4 минуты на транспорте,0,4,https://www.cian.ru/sale/flat/306597837/
13800000,16.440179150127435,72.3,3,13,16,метро Пятницкое шоссе,8 минут на транспорте,0,8,https://krasnogorsk.cian.ru/sale/flat/316221032/
9800000,16.0978929436408,30.0,1,3,9,метро Преображенская площадь,16 минут пешком,1,16,https://www.cian.ru/sale/flat/314947367/
11500000,16.25785759333348,60.0,2,10,17,метро Бульвар Дмитрия Донского,9 минут на транспорте,0,9,https://vidnoye.cian.ru/sale/flat/314012045/
15000000,16.523560759066484,36.5,1,4,30,метро Дубровка,17 минут пешком,1,17,https://www.cian.ru/sale/flat/311437618/
7500000,15.83041357850654,48.0,1,12,17,метро Братиславская,14 минут на транспорте,0,14,https://kotelniki.cian.ru/sale/flat/313354210/
19700000,16.796129193708218,42.0,2,29,34,метро Воронцовская,11 минут пешком,1,11,https://www.cian.ru/sale/flat/315243576/
18900000,16.75467248002987,69.6,3,23,24,метро Спартак,5 минут на транспорте,0,5,https://www.cian.ru/sale/flat/314009459/
24000000,16.99356438831222,79.3,3,2,8,метро Алексеевская,17 минут пешком,1,17,https://www.cian.ru/sale/flat/316035467/
6350000,15.663965370868874,32.5,1,4,8,метро Пятницкое шоссе,13 минут на транспорте,0,13,https://krasnogorsk.cian.ru/sale/flat/313149306/
11000000,16.213405830762646,67.4,3,9,9,метро Планерная,9 минут на транспорте,0,9,https://khimki.cian.ru/sale/flat/314653262/
15318054,16.544542690709857,67.8,3,14,15,метро Бунинская аллея,18 минут на транспорте,0,18,https://www.cian.ru/sale/flat/315218144/
36463570,17.41182423794524,47.3,1,19,21,метро Терехово,16 минут на транспорте,0,16,https://www.cian.ru/sale/flat/314457627/
13900000,16.44739939810092,59.8,3,3,9,метро Генерала Тюленева,7 минут пешком,1,7,https://www.cian.ru/sale/flat/313842212/
9450000,16.061525299469924,34.5,1,3,14,метро Окружная,14 минут пешком,1,14,https://www.cian.ru/sale/flat/316790367/
14100000,16.461685355348397,37.6,1,10,25,метро Электрозаводская,14 минут пешком,1,14,https://www.cian.ru/sale/flat/307183231/
9617705,16.07911622869205,39.6,2,3,16,метро Потапово,4 минуты на транспорте,0,4,https://www.cian.ru/sale/flat/309032343/
10700000,16.185754299432134,77.5,3,10,24,метро Щёлковская,12 минут на транспорте,0,12,https://balashikha.cian.ru/sale/flat/313778319/
10980000,16.21158599404566,62.1,2,4,19,метро Аэропорт Внуково,6 минут на транспорте,0,6,https://www.cian.ru/sale/flat/307064395/
69800000,18.0611445677326,110.0,5,3,7,метро Чистые пруды,8 минут пешком,1,8,https://www.cian.ru/sale/flat/314796109/
9000000,16.012735135300492,35.3,1,8,12,метро Стахановская,5 минут на транспорте,0,5,https://www.cian.ru/sale/flat/316449698/
24200000,17.001863191126915,80.2,3,9,18,метро Владыкино,4 минуты на транспорте,0,4,https://www.cian.ru/sale/flat/314299348/
23500000,16.972510979114386,59.5,3,3,5,метро Народное Ополчение,7 минут пешком,1,7,https://www.cian.ru/sale/flat/308488319/
11950000,16.296241836341792,67.4,2,3,9,метро Корниловская,7 минут на транспорте,0,7,https://www.cian.ru/sale/flat/314528886/
9000000,16.012735135300492,65.7,2,2,10,метро Свиблово,22 минуты на транспорте,0,22,https://mytishchi.cian.ru/sale/flat/316024516/
18823296,16.75060580962495,48.0,2,2,30,метро Каширская,8 минут на транспорте,0,8,https://www.cian.ru/sale/flat/301419726/
5950000,15.598901777521812,18.7,1,4,5,метро Солнцево,4 минуты на транспорте,0,4,https://www.cian.ru/sale/flat/313479995/
32434721,17.294740042773274,63.5,2,34,54,метро Тимирязевская,5 минут на транспорте,0,5,https://www.cian.ru/sale/flat/300289343/
45000000,17.622173047734595,109.1,4,3,5,метро Киевская,20 минут пешком,1,20,https://www.cian.ru/sale/flat/300539752/
132815600,18.70447225798708,98.6,2,8,27,метро Павелецкая,7 минут пешком,1,7,https://www.cian.ru/sale/flat/303040457/
129500000,18.679191439103867,94.0,2,2,8,метро Библиотека имени Ленина,19 минут пешком,1,19,https://www.cian.ru/sale/flat/307261028/
11500000,16.25785759333348,43.6,2,7,9,метро Пражская,5 минут на транспорте,0,5,https://www.cian.ru/sale/flat/299185442/
10900000,16.204273347199372,38.7,2,13,14,метро Окружная,19 минут пешком,1,19,https://www.cian.ru/sale/flat/316453183/
45000000,17.622173047734595,51.7,2,4,5,метро Александровский сад,19 минут пешком,1,19,https://www.cian.ru/sale/flat/304686800/
11350000,16.244728301891687,32.1,1,10,16,метро Корниловская,16 минут пешком,1,16,https://www.cian.ru/sale/flat/316740596/
48000000,17.686711568872166,101.5,4,2,4,метро Новослободская,17 минут пешком,1,17,https://www.cian.ru/sale/flat/316268051/
17200000,16.660419941783683,72.0,3,8,16,метро Рижская,4 минуты на транспорте,0,4,https://www.cian.ru/sale/flat/315739524/
9585800,16.075793394724414,55.6,2,11,17,метро Первомайская,29 минут на транспорте,0,29,https://shchyolkovo.cian.ru/sale/flat/308385077/
8300000,15.931766072766829,58.3,2,5,17,метро Царицыно,24 минуты на транспорте,0,24,https://domodedovo.cian.ru/sale/flat/312642585/
34999000,17.370830047616945,73.0,3,5,9,метро Маяковская,18 минут пешком,1,18,https://www.cian.ru/sale/flat/309635655/
20600000,16.84080163375981,56.0,2,12,19,метро Коньково,19 минут пешком,1,19,https://www.cian.ru/sale/flat/313805057/
20900000,16.855259716935038,67.5,3,15,22,метро Бульвар Рокоссовского,4 минуты на транспорте,0,4,https://www.cian.ru/sale/flat/315529382/
13000000,16.38045991542581,38.1,1,12,17,метро Орехово,7 минут пешком,1,7,https://www.cian.ru/sale/flat/316446124/
15200000,16.536805985816503,60.0,3,9,9,метро Кленовый бульвар,6 минут на транспорте,0,6,https://www.cian.ru/sale/flat/314113218/
17850000,16.69751406618992,51.5,2,2,17,метро Рижская,19 минут пешком,1,19,https://www.cian.ru/sale/flat/316633738/
16900000,16.642824179893303,63.3,3,3,12,метро Перово,18 минут пешком,1,18,https://www.cian.ru/sale/flat/315990142/
88000000,18.29284737244248,75.0,2,7,8,метро Охотный Ряд,17 минут пешком,1,17,https://www.cian.ru/sale/flat/312068074/
19000000,16.759949537130716,52.5,2,15,31,метро Рассказовка,3 минуты на транспорте,0,3,https://www.cian.ru/sale/flat/315270943/
9400000,16.056220247240233,32.9,1,2,9,метро Ясенево,4 минуты на транспорте,0,4,https://www.cian.ru/sale/flat/315233659/
27500000,17.1296965626368,68.2,2,16,25,метро Лефортово,20 минут пешком,1,20,https://www.cian.ru/sale/flat/314224983/
13700000,16.432906390798355,43.9,2,1,5,метро Спортивная,4 минуты пешком,1,4,https://www.cian.ru/sale/flat/301849528/
8800000,15.990262279448435,41.0,1,6,6,метро Первомайская,16 минут пешком,1,16,https://www.cian.ru/sale/flat/315859468/
91642952,18.333410628038163,78.9,2,4,6,метро Боровицкая,13 минут пешком,1,13,https://www.cian.ru/sale/flat/313483205/
18100000,16.711422496236054,89.0,4,1,9,метро Рязанский проспект,19 минут пешком,1,19,https://www.cian.ru/sale/flat/312165390/
12900000,16.3727378693319,35.0,1,7,16,метро Красносельская,4 минуты на транспорте,0,4,https://www.cian.ru/sale/flat/313779695/
9499000,16.06669708787232,38.0,2,4,14,метро Новогиреево,5 минут на транспорте,0,5,https://www.cian.ru/sale/flat/314788104/
18500000,16.733281290048552,73.0,3,15,17,метро Алма-Атинская,16 минут пешком,1,16,https://www.cian.ru/sale/flat/313856389/
35000000,17.37085861945369,68.0,3,19,24,метро Нагатинская,7 минут на транспорте,0,7,https://www.cian.ru/sale/flat/315202402/
10800000,16.195056692094447,30.0,1,5,9,метро Войковская,4 минуты на транспорте,0,4,https://www.cian.ru/sale/flat/312415961/
8500000,15.955576721460544,40.0,1,1,6,метро Прокшино,14 минут на транспорте,0,14,https://www.cian.ru/sale/flat/316540268/
18900000,16.75467248002987,82.8,3,3,14,метро Косино,20 минут пешком,1,20,https://lyubertsy.cian.ru/sale/flat/304349978/
89400000,18.308631240143743,119.7,3,3,11,метро Шаболовская,12 минут пешком,1,12,https://www.cian.ru/sale/flat/313037520/
5700000,15.555976732804778,49.0,2,4,4,метро Домодедовская,17 минут на транспорте,0,17,https://vidnoye.cian.ru/sale/flat/303480501/
23000000,16.951004773893423,41.9,1,2,9,метро Трубная,16 минут пешком,1,16,https://www.cian.ru/sale/flat/310519582/
28244104,17.156395285809584,74.1,2,2,23,метро Чертановская,8 минут на транспорте,0,8,https://www.cian.ru/sale/flat/314039144/
61804960,17.939494178107022,79.4,2,3,36,метро Маяковская,17 минут пешком,1,17,https://www.cian.ru/sale/flat/315702152/
11000000,16.213405830762646,43.6,2,4,5,метро Каширская,3 минуты на транспорте,0,3,https://www.cian.ru/sale/flat/302200222/
52900000,17.783913896828526,120.0,4,9,16,метро Беляево,4 минуты на транспорте,0,4,https://www.cian.ru/sale/flat/303619557/
23500000,16.972510979114386,43.0,1,9,10,метро Комсомольская,15 минут пешком,1,15,https://www.cian.ru/sale/flat/307629972/
8500000,15.955576721460544,33.0,1,2,9,метро Юго-Восточная,11 минут пешком,1,11,https://www.cian.ru/sale/flat/315051324/
10800000,16.195056692094447,36.8,2,3,9,метро Каховская,4 минуты пешком,1,4,https://www.cian.ru/sale/flat/306005851/
49850000,17.72452905437212,80.0,3,3,24,метро Тургеневская,11 минут пешком,1,11,https://www.cian.ru/sale/flat/313377725/
16900000,16.642824179893303,35.1,1,5,12,метро Кожуховская,17 минут пешком,1,17,https://www.cian.ru/sale/flat/316392586/
13200000,16.3957273875566,50.2,3,2,25,метро Ольховая,5 минут на транспорте,0,5,https://www.cian.ru/sale/flat/313322997/
12400000,16.333207030575267,32.1,1,5,5,метро Каховская,20 минут пешком,1,20,https://www.cian.ru/sale/flat/316357963/
13453550,16.4147535697064,40.1,1,2,19,метро Коньково,5 минут на транспорте,0,5,https://www.cian.ru/sale/flat/316505401/
10200000,16.1378982782545,29.0,1,1,5,метро Преображенская площадь,6 минут на транспорте,0,6,https://www.cian.ru/sale/flat/311311052/
19100000,16.76519889301686,53.2,2,8,12,метро ВДНХ,17 минут пешком,1,17,https://www.cian.ru/sale/flat/315414120/
58440000,17.88351114484677,83.2,3,4,14,метро Кунцевская,6 минут на транспорте,0,6,https://www.cian.ru/sale/flat/316412921/
22500000,16.929025867174648,52.7,2,12,12,метро Полянка,14 минут пешком,1,14,https://www.cian.ru/sale/flat/315961419/
9442435,16.060724449774867,37.4,1,17,19,метро Медведково,16 минут на транспорте,0,16,https://korolev.cian.ru/sale/flat/291890714/
13400000,16.41076526492114,37.5,1,1,17,метро Молодёжная,16 минут пешком,1,16,https://www.cian.ru/sale/flat/315639908/
24730000,17.023527639497598,85.0,3,12,14,метро Новоясеневская,4 минуты на транспорте,0,4,https://www.cian.ru/sale/flat/311786068/
13853206,16.444027243954633,35.2,1,2,30,метро Борисово,5 минут на транспорте,0,5,https://www.cian.ru/sale/flat/313034137/
25990000,17.073222406617674,61.0,2,8,21,метро Фили,14 минут пешком,1,14,https://www.cian.ru/sale/flat/313256430/
15000000,16.523560759066484,41.0,1,2,3,метро Бауманская,9 минут пешком,1,9,https://www.cian.ru/sale/flat/314604142/
14780000,16.50878547348433,34.7,1,17,24,метро Селигерская,18 минут пешком,1,18,https://www.cian.ru/sale/flat/242385418/
22500000,16.929025867174648,45.0,2,9,9,метро Серпуховская,16 минут пешком,1,16,https://www.cian.ru/sale/flat/314739817/
23000000,16.951004773893423,50.0,2,2,12,метро Площадь Ильича,13 минут пешком,1,13,https://www.cian.ru/sale/flat/316429193/
9499999,16.066802251307607,34.5,1,1,12,метро Шоссе Энтузиастов,18 минут пешком,1,18,https://www.cian.ru/sale/flat/316125341/
17800000,16.694709015262312,51.5,2,2,17,метро Тёплый Стан,19 минут пешком,1,19,https://www.cian.ru/sale/flat/316624209/
40458860,17.51579621333065,96.6,3,27,27,метро Алексеевская,9 минут пешком,1,9,https://www.cian.ru/sale/flat/294554096/
9400000,16.056220247240233,32.9,1,2,9,метро Новоясеневская,17 минут пешком,1,17,https://www.cian.ru/sale/flat/315233659/
25000000,17.034386382832476,80.0,3,6,14,метро Варшавская,16 минут пешком,1,16,https://www.cian.ru/sale/flat/316694349/
16950000,16.645778391790735,37.5,1,2,12,метро Римская,14 минут пешком,1,14,https://www.cian.ru/sale/flat/316780613/
25300000,17.04631495369775,104.0,3,3,17,метро Волоколамская,9 минут на транспорте,0,9,https://krasnogorsk.cian.ru/sale/flat/315911549/
11700000,16.275099399767985,48.0,3,2,3,метро Лесопарковая,13 минут на транспорте,0,13,https://vidnoye.cian.ru/sale/flat/311178766/
24000000,16.99356438831222,74.6,3,7,17,метро Полежаевская,9 минут пешком,1,9,https://www.cian.ru/sale/flat/316030818/
41900000,17.550796384892365,119.0,3,17,28,метро Речной вокзал,19 минут пешком,1,19,https://www.cian.ru/sale/flat/315665485/
8900000,16.00156183470237,44.3,2,9,9,метро Новогиреево,15 минут пешком,1,15,https://www.cian.ru/sale/flat/316355921/
91642952,18.333410628038163,78.9,1,4,6,метро Охотный Ряд,17 минут пешком,1,17,https://www.cian.ru/sale/flat/314904259/
14700000,16.503358051748965,37.2,2,6,9,метро Преображенская площадь,6 минут на транспорте,0,6,https://www.cian.ru/sale/flat/316110923/
20700000,16.8456442582356,60.0,2,22,24,метро Тульская,11 минут пешком,1,11,https://www.cian.ru/sale/flat/308595483/
8150000,15.913528485217045,46.1,2,9,16,метро Новокосино,8 минут на транспорте,0,8,https://reutov.cian.ru/sale/flat/305592540/
17490000,16.677139846994784,42.7,2,1,5,метро Тургеневская,19 минут пешком,1,19,https://www.cian.ru/sale/flat/311207222/
33657495,17.331746323280218,65.0,2,3,25,метро Воронцовская,7 минут пешком,1,7,https://www.cian.ru/sale/flat/316683780/
20000000,16.811242831518264,58.2,2,6,8,метро Каховская,15 минут пешком,1,15,https://www.cian.ru/sale/flat/313111554/
17600000,16.68340946000838,63.9,3,4,12,метро Тёплый Стан,4 минуты на транспорте,0,4,https://www.cian.ru/sale/flat/316632475/
10500000,16.166885815127753,38.7,2,4,12,метро Печатники,20 минут пешком,1,20,https://www.cian.ru/sale/flat/315762720/
82000000,18.22222980522853,65.6,2,3,12,метро Воробьёвы горы,7 минут на транспорте,0,7,https://www.cian.ru/sale/flat/304963966/
6600000,15.702580206996654,37.5,1,9,12,метро Котельники,13 минут пешком,1,13,https://kotelniki.cian.ru/sale/flat/313792614/
12999000,16.380382989390156,37.9,1,9,17,метро Дубровка,16 минут пешком,1,16,https://www.cian.ru/sale/flat/316826378/
35000000,17.37085861945369,105.0,4,4,23,метро Чертановская,4 минуты пешком,1,4,https://www.cian.ru/sale/flat/316115645/
22490000,16.9285813239355,31.4,2,11,26,метро Нагатинская,15 минут пешком,1,15,https://www.cian.ru/sale/flat/311734359/
13750000,16.436549382076855,45.0,2,3,9,метро Преображенская площадь,5 минут на транспорте,0,5,https://www.cian.ru/sale/flat/315928559/
15505335,16.55669471621685,63.9,2,22,30,метро Бунинская аллея,5 минут на транспорте,0,5,https://www.cian.ru/sale/flat/315690240/
91642952,18.333410628038163,78.9,3,4,7,метро Чеховская,20 минут пешком,1,20,https://www.cian.ru/sale/flat/315561822/
18200000,16.716932152047026,57.8,2,5,7,метро Автозаводская,13 минут пешком,1,13,https://www.cian.ru/sale/flat/314852715/
15990000,16.587474084810136,55.0,2,16,17,метро Ховрино,4 минуты на транспорте,0,4,https://www.cian.ru/sale/flat/316493762/
9200000,16.034714042019267,62.5,3,9,9,метро Тёплый Стан,45 минут на транспорте,0,45,https://www.cian.ru/sale/flat/312804699/
24950000,17.0323843801618,64.7,2,3,8,метро Лефортово,18 минут пешком,1,18,https://www.cian.ru/sale/flat/314236481/
14000000,16.454567887579532,37.4,1,22,29,метро Нижегородская,16 минут пешком,1,16,https://www.cian.ru/sale/flat/313850355/
23500000,16.972510979114386,65.5,3,2,4,метро Фонвизинская,11 минут пешком,1,11,https://www.cian.ru/sale/flat/315654913/
14700000,16.503358051748965,38.4,1,48,69,метро Кожуховская,9 минут пешком,1,9,https://www.cian.ru/sale/flat/312708846/
64030741,17.97487385412832,86.6,3,5,56,метро Проспект Вернадского,4 минуты на транспорте,0,4,https://www.cian.ru/sale/flat/316157008/
11620800,16.26830715383404,36.0,1,20,20,метро Речной вокзал,5 минут на транспорте,0,5,https://www.cian.ru/sale/flat/306207873/
10800000,16.195056692094447,36.8,2,3,9,метро Севастопольская,7 минут пешком,1,7,https://www.cian.ru/sale/flat/306005851/
10900000,16.204273347199372,38.6,1,13,22,метро Бибирево,19 минут пешком,1,19,https://www.cian.ru/sale/flat/306345692/
11500000,16.25785759333348,47.0,2,4,9,метро Кунцевская,6 минут на транспорте,0,6,https://www.cian.ru/sale/flat/315900368/
12200000,16.316946509703484,44.0,2,16,25,метро Боровское шоссе,18 минут пешком,1,18,https://www.cian.ru/sale/flat/314641351/
82000000,18.22222980522853,91.7,2,23,68,метро Деловой центр,6 минут пешком,1,6,https://www.cian.ru/sale/flat/300912468/
15400000,16.549878067383858,53.4,3,5,5,метро Академическая,14 минут пешком,1,14,https://www.cian.ru/sale/flat/315966448/
16400000,16.612791892794426,59.0,2,10,22,метро Битцевский парк,3 минуты на транспорте,0,3,https://www.cian.ru/sale/flat/316819248/
17500000,16.67771143889374,69.0,2,6,10,метро Генерала Тюленева,8 минут на транспорте,0,8,https://www.cian.ru/sale/flat/316329087/
50000000,17.72753356339242,100.0,3,6,22,метро Новые Черёмушки,12 минут пешком,1,12,https://www.cian.ru/sale/flat/310837474/
85000000,18.258161814454592,106.5,3,9,16,метро Добрынинская,12 минут пешком,1,12,https://www.cian.ru/sale/flat/315098435/
10900000,16.204273347199372,39.0,1,9,16,метро Пражская,19 минут пешком,1,19,https://www.cian.ru/sale/flat/313909465/
